<?xml version="1.0" encoding="utf-8"?>
<xPDT>
  <Component Name="SCVMM" Version="Default">
    <Role Name="Agent">
      <Update Name="Latest">
        <Variable Name="IdentifyingNumber" Value="{EE6A3726-D270-4AD1-9EFD-CFD982D2313C}" />
        <Variable Name="Update" Value="Update Rollup 7" />
      </Update>
    </Role>
  </Component>
  <Component Name="SCVMM" Version="3.2.7510.0">
    <Role Name="ManagementServer">
      <Update Name="RTM">
        <Variable Name="IdentifyingNumber" Value="{59518B15-FC64-4CF9-A4D1-0EE1B4A63088}" />
      </Update>
      <Update Name="UR5">
        <Variable Name="IdentifyingNumber" Value="{59518B15-FC64-4CF9-A4D1-0EE1B4A63088}" />
        <Variable Name="PatchID" Value="{31FA157E-063C-4013-8BE9-22D9691B57C8}" />
        <Variable Name="UpdateFile" Value="kb3023195_vmmserver_amd64.msp" />
        <Variable Name="Update" Value="Update Rollup 5" />
      </Update>
      <Update Name="UR6">
        <Variable Name="IdentifyingNumber" Value="{59518B15-FC64-4CF9-A4D1-0EE1B4A63088}" />
        <Variable Name="PatchID" Value="{68E523CA-DE25-40EB-945B-F17CADDD16EF}" />
        <Variable Name="UpdateFile" Value="kb3050317_vmmserver_amd64.msp" />
        <Variable Name="Update" Value="Update Rollup 6" />
      </Update>
      <Update Name="Latest">
        <Variable Name="IdentifyingNumber" Value="{59518B15-FC64-4CF9-A4D1-0EE1B4A63088}" />
        <Variable Name="PatchID" Value="{477BA2D5-AFDB-4447-AA52-F92417217DE9}" />
        <Variable Name="UpdateFile" Value="kb3066340_vmmserver_amd64.msp" />
        <Variable Name="Update" Value="Update Rollup 7" />
      </Update>
    </Role>
    <Role Name="Console">
      <Update Name="RTM">
        <Variable Name="IdentifyingNumber" Value="{CDFB453F-5FA4-4884-B282-F46BDFC06051}" />
      </Update>
      <Update Name="UR5">
        <Variable Name="IdentifyingNumber" Value="{CDFB453F-5FA4-4884-B282-F46BDFC06051}" />
        <Variable Name="PatchID" Value="{27D9B702-5DF5-445A-BE1D-84E123208DD2}" />
        <Variable Name="UpdateFile" Value="kb3023914_AdminConsole_amd64" />
        <Variable Name="Update" Value="Update Rollup 5" />
      </Update>
      <Update Name="UR6">
        <Variable Name="IdentifyingNumber" Value="{CDFB453F-5FA4-4884-B282-F46BDFC06051}" />
        <Variable Name="PatchID" Value="{368E82AF-3AD0-44AE-965D-E71C16132B79}" />
        <Variable Name="UpdateFile" Value="kb3050947_AdminConsole_amd64.msp" />
        <Variable Name="Update" Value="Update Rollup 6" />
      </Update>
      <Update Name="Latest">
        <Variable Name="IdentifyingNumber" Value="{CDFB453F-5FA4-4884-B282-F46BDFC06051}" />
        <Variable Name="PatchID" Value="{A1D6E71F-B5F3-44A4-8D54-44A283ADD990}" />
        <Variable Name="UpdateFile" Value="kb3078314_AdminConsole_amd64.msp" />
        <Variable Name="Update" Value="Update Rollup 7" />
      </Update>
    </Role>
    <Role Name="Agent">
      <Update Name="RTM">
        <Variable Name="IdentifyingNumber" Value="{EB4E8B78-1BFC-49FE-9333-3D0A3A726C8B}" />
      </Update>
      <Update Name="UR5">
        <Variable Name="IdentifyingNumber" Value="{99C27BCE-26D2-4261-BAEA-288D034B67B6}" />
        <Variable Name="Update" Value="Update Rollup 5" />
      </Update>
      <Update Name="UR6">
        <Variable Name="IdentifyingNumber" Value="{429B8071-F2D7-416A-8A5A-3D4D18C3291F}" />
        <Variable Name="Update" Value="Update Rollup 6" />
      </Update>
      <Update Name="Latest">
        <Variable Name="IdentifyingNumber" Value="{EE6A3726-D270-4AD1-9EFD-CFD982D2313C}" />
        <Variable Name="Update" Value="Update Rollup 7" />
      </Update>
    </Role>
  </Component>
  <Component Name="SCVMM" Version="3.2.9013.0">
    <Role Name="ManagementServer">
      <Update Name="Latest">
        <Variable Name="IdentifyingNumber" Value="{59518B15-FC64-4CF9-A4D1-0EE1B4A63088}" />
        <Variable Name="Update" Value="Technical Preview 1" />
      </Update>
    </Role>
    <Role Name="Console">
      <Update Name="Latest">
        <Variable Name="IdentifyingNumber" Value="{CDFB453F-5FA4-4884-B282-F46BDFC06051}" />
        <Variable Name="Update" Value="Technical Preview 1" />
      </Update>
    </Role>
    <Role Name="Agent">
      <Update Name="Latest">
        <Variable Name="IdentifyingNumber" Value="{EB4E8B78-1BFC-49FE-9333-3D0A3A726C8B}" />
        <Variable Name="Update" Value="Technical Preview 1" />
      </Update>
    </Role>
  </Component>
  <Component Name="SCVMM" Version="3.2.9142.0">
    <Role Name="ManagementServer">
      <Update Name="Latest">
        <Variable Name="IdentifyingNumber" Value="{59518B15-FC64-4CF9-A4D1-0EE1B4A63088}" />
        <Variable Name="Update" Value="Technical Preview 2" />
      </Update>
    </Role>
    <Role Name="Console">
      <Update Name="Latest">
        <Variable Name="IdentifyingNumber" Value="{CDFB453F-5FA4-4884-B282-F46BDFC06051}" />
        <Variable Name="Update" Value="Technical Preview 2" />
      </Update>
    </Role>
    <Role Name="Agent">
      <Update Name="Latest">
        <Variable Name="IdentifyingNumber" Value="{EB4E8B78-1BFC-49FE-9333-3D0A3A726C8B}" />
        <Variable Name="Update" Value="Technical Preview 2" />
      </Update>
    </Role>
  </Component>
  <Component Name="SCOM" Version="7.1.10184.0">
    <Role Name="Agent">
      <Update Name="RTM">
        <Variable Name="IdentifyingNumber" Value="{786970C5-E6F6-4A41-B238-AE25D4B91EEA}" />
      </Update>
      <Update Name="UR5">
        <Variable Name="IdentifyingNumber" Value="{786970C5-E6F6-4A41-B238-AE25D4B91EEA}" />
        <Variable Name="PatchID" Value="{A4623CF3-F3CA-4456-851C-1DBC4CC680E2}" />
        <Variable Name="UpdateFile" Value="KB3023138-AMD64-Agent.msp" />
        <Variable Name="Update" Value="Update Rollup 5" />
      </Update>
      <Update Name="UR6">
        <Variable Name="IdentifyingNumber" Value="{786970C5-E6F6-4A41-B238-AE25D4B91EEA}" />
        <Variable Name="PatchID" Value="{D39DF100-8CA1-4ADC-A06C-B0A2135CFEE9}" />
        <Variable Name="UpdateFile" Value="KB3051169-AMD64-Agent.msp" />
        <Variable Name="Update" Value="Update Rollup 6" />
      </Update>
      <Update Name="Latest">
        <Variable Name="IdentifyingNumber" Value="{786970C5-E6F6-4A41-B238-AE25D4B91EEA}" />
        <Variable Name="PatchID" Value="{F9554174-E3FC-49D3-BC09-9E2BD67069D2}" />
        <Variable Name="UpdateFile" Value="KB3064919-AMD64-Agent.msp" />
        <Variable Name="Update" Value="Update Rollup 7" />
      </Update>
    </Role>
  </Component>
  <Component Name="SCOM" Version="7.1.10226.0">
    <Role Name="ManagementServer">
      <Update Name="RTM">
        <Variable Name="IdentifyingNumber" Value="{C92727BE-BD12-4140-96A6-276BA4F60AC1}" />
        <Variable Name="InstallRegVersion" Value="12" />
        <Variable Name="RegVersion" Value="3.0" />
      </Update>
      <Update Name="UR5">
        <Variable Name="IdentifyingNumber" Value="{C92727BE-BD12-4140-96A6-276BA4F60AC1}" />
        <Variable Name="PatchID" Value="{50224C2A-25D6-4BE2-B429-437AF79CD2C0}" />
        <Variable Name="UpdateFile" Value="KB3023138-AMD64-Server.msp" />
        <Variable Name="Update" Value="Update Rollup 5" />
        <Variable Name="InstallRegVersion" Value="12" />
        <Variable Name="RegVersion" Value="3.0" />
      </Update>
      <Update Name="UR6">
        <Variable Name="IdentifyingNumber" Value="{C92727BE-BD12-4140-96A6-276BA4F60AC1}" />
        <Variable Name="PatchID" Value="{08C61BC5-1D64-4B02-9770-E94286C5651C}" />
        <Variable Name="UpdateFile" Value="KB3051169-AMD64-Server.msp" />
        <Variable Name="Update" Value="Update Rollup 6" />
        <Variable Name="InstallRegVersion" Value="12" />
        <Variable Name="RegVersion" Value="3.0" />
      </Update>
      <Update Name="Latest">
        <Variable Name="IdentifyingNumber" Value="{C92727BE-BD12-4140-96A6-276BA4F60AC1}" />
        <Variable Name="PatchID" Value="{C61BC742-A505-4DE9-96C9-21E4218C8B0A}" />
        <Variable Name="UpdateFile" Value="KB3064919-AMD64-Server.msp" />
        <Variable Name="DatabaseFile" Value="update_rollup_mom_db.sql" />
        <Variable Name="DWDatabaseFile" Value="UR_Datawarehouse.sql" />
        <Variable Name="DWRetentionPolicy" Value="SetRetentionPolicy.sql" />
        <Variable Name="Update" Value="Update Rollup 7" />
        <Variable Name="InstallRegVersion" Value="12" />
        <Variable Name="RegVersion" Value="3.0" />
      </Update>
    </Role>
    <Role Name="Console">
      <Update Name="RTM">
        <Variable Name="IdentifyingNumber" Value="{041C3416-87CE-4B02-918E-6FDC95F241D3}" />
        <Variable Name="InstallRegVersion" Value="12" />
      </Update>
      <Update Name="UR5">
        <Variable Name="IdentifyingNumber" Value="{041C3416-87CE-4B02-918E-6FDC95F241D3}" />
        <Variable Name="PatchID" Value="{5CC462CD-6E09-4FCB-AAD2-6CDE8B727D9A}" />
        <Variable Name="UpdateFile" Value="KB3023138-AMD64-ENU-Console.msp" />
        <Variable Name="Update" Value="Update Rollup 5" />
        <Variable Name="InstallRegVersion" Value="12" />
      </Update>
      <Update Name="UR6">
        <Variable Name="IdentifyingNumber" Value="{041C3416-87CE-4B02-918E-6FDC95F241D3}" />
        <Variable Name="PatchID" Value="{089800AE-8307-4236-A7FF-659619CBE84D}" />
        <Variable Name="UpdateFile" Value="KB3051169-AMD64-ENU-Console.msp" />
        <Variable Name="Update" Value="Update Rollup 6" />
        <Variable Name="InstallRegVersion" Value="12" />
      </Update>
      <Update Name="Latest">
        <Variable Name="IdentifyingNumber" Value="{041C3416-87CE-4B02-918E-6FDC95F241D3}" />
        <Variable Name="PatchID" Value="{31D2B7A7-FE84-4FBE-8EEE-08A47852FA85}" />
        <Variable Name="UpdateFile" Value="KB3064919-AMD64-*-Console.msp" />
        <Variable Name="Update" Value="Update Rollup 7" />
        <Variable Name="InstallRegVersion" Value="12" />
      </Update>
    </Role>
    <Role Name="Agent">
      <Update Name="RTM">
        <Variable Name="IdentifyingNumber" Value="{786970C5-E6F6-4A41-B238-AE25D4B91EEA}" />
      </Update>
      <Update Name="UR5">
        <Variable Name="IdentifyingNumber" Value="{786970C5-E6F6-4A41-B238-AE25D4B91EEA}" />
        <Variable Name="PatchID" Value="{A4623CF3-F3CA-4456-851C-1DBC4CC680E2}" />
        <Variable Name="UpdateFile" Value="KB3023138-AMD64-Agent.msp" />
        <Variable Name="Update" Value="Update Rollup 5" />
      </Update>
      <Update Name="UR6">
        <Variable Name="IdentifyingNumber" Value="{786970C5-E6F6-4A41-B238-AE25D4B91EEA}" />
        <Variable Name="PatchID" Value="{D39DF100-8CA1-4ADC-A06C-B0A2135CFEE9}" />
        <Variable Name="UpdateFile" Value="KB3051169-AMD64-Agent.msp" />
        <Variable Name="Update" Value="Update Rollup 6" />
      </Update>
      <Update Name="Latest">
        <Variable Name="IdentifyingNumber" Value="{786970C5-E6F6-4A41-B238-AE25D4B91EEA}" />
        <Variable Name="PatchID" Value="{F9554174-E3FC-49D3-BC09-9E2BD67069D2}" />
        <Variable Name="UpdateFile" Value="KB3064919-AMD64-Agent.msp" />
        <Variable Name="Update" Value="Update Rollup 7" />
      </Update>
    </Role>
    <Role Name="ReportingServer">
      <Update Name="Latest">
        <Variable Name="IdentifyingNumber" Value="{D6E655E7-6318-4C50-B184-55E70DB179C1}" />
        <Variable Name="InstallRegVersion" Value="12" />
        <Variable Name="RegVersion" Value="3.0" />
      </Update>
    </Role>
    <Role Name="WebConsoleServer">
      <Update Name="RTM">
        <Variable Name="IdentifyingNumber" Value="{B9853D74-E2A7-446C-851D-5B5374671D0B}" />
        <Variable Name="InstallRegVersion" Value="12" />
      </Update>
      <Update Name="UR5">
        <Variable Name="IdentifyingNumber" Value="{B9853D74-E2A7-446C-851D-5B5374671D0B}" />
        <Variable Name="PatchID" Value="{5A8EEB70-6E76-4228-B12F-17AB8DEB8B98}" />
        <Variable Name="UpdateFile" Value="KB3023138-AMD64-ENU-WebConsole.msp" />
        <Variable Name="Update" Value="Update Rollup 5" />
        <Variable Name="InstallRegVersion" Value="12" />
      </Update>
      <Update Name="UR6">
        <Variable Name="IdentifyingNumber" Value="{B9853D74-E2A7-446C-851D-5B5374671D0B}" />
        <Variable Name="PatchID" Value="{258976C7-50D0-4F71-A4EC-BBCAFEE105C2}" />
        <Variable Name="UpdateFile" Value="KB3051169-AMD64-ENU-WebConsole.msp" />
        <Variable Name="Update" Value="Update Rollup 6" />
        <Variable Name="InstallRegVersion" Value="12" />
      </Update>
      <Update Name="Latest">
        <Variable Name="IdentifyingNumber" Value="{B9853D74-E2A7-446C-851D-5B5374671D0B}" />
        <Variable Name="PatchID" Value="{62C40871-6D59-4DEC-BD4C-44E099A7A973}" />
        <Variable Name="UpdateFile" Value="KB3064919-AMD64-*-WebConsole.msp" />
        <Variable Name="Update" Value="Update Rollup 7" />
        <Variable Name="InstallRegVersion" Value="12" />
      </Update>
    </Role>
  </Component>
  <Component Name="SCOM" Version="7.2.10015.0">
    <Role Name="ManagementServer">
      <Update Name="Latest">
        <Variable Name="IdentifyingNumber" Value="{43C498CB-D391-4B07-9C03-85C4E8239102}" />
        <Variable Name="Update" Value="Technical Preview 1  " />
        <Variable Name="InstallRegVersion" Value="12" />
        <Variable Name="RegVersion" Value="3.0" />
      </Update>
    </Role>
    <Role Name="Console">
      <Update Name="Latest">
        <Variable Name="IdentifyingNumber" Value="{F67729BD-18CF-4283-A6FC-F388A463EC01}" />
        <Variable Name="Update" Value="Technical Preview 1  " />
        <Variable Name="InstallRegVersion" Value="12" />
      </Update>
    </Role>
    <Role Name="Agent">
      <Update Name="Latest">
        <Variable Name="IdentifyingNumber" Value="{3B8B659F-7129-4B8A-B1B4-F846FE717215}" />
        <Variable Name="Update" Value="Technical Preview 1  " />
      </Update>
    </Role>
    <Role Name="ReportingServer">
      <Update Name="Latest">
        <Variable Name="IdentifyingNumber" Value="{49AD38CD-4502-4CE5-83DE-73A76B28F14B}" />
        <Variable Name="Update" Value="Technical Preview 1  " />
        <Variable Name="InstallRegVersion" Value="12" />
        <Variable Name="RegVersion" Value="3.0" />
      </Update>
    </Role>
    <Role Name="WebConsoleServer">
      <Update Name="Latest">
        <Variable Name="IdentifyingNumber" Value="{E533B951-2CAA-454F-A186-383F203E591D}" />
        <Variable Name="Update" Value="Technical Preview 1  " />
        <Variable Name="InstallRegVersion" Value="12" />
      </Update>
    </Role>
  </Component>
  <Component Name="SCOM" Version="7.2.11044.0">
    <Role Name="ManagementServer">
      <Update Name="Latest">
        <Variable Name="IdentifyingNumber" Value="{F641619E-E692-4B48-BC4F-E547700C9EBF}" />
        <Variable Name="Update" Value="Technical Preview 2  " />
        <Variable Name="InstallRegVersion" Value="12" />
        <Variable Name="RegVersion" Value="3.0" />
      </Update>
    </Role>
    <Role Name="Console">
      <Update Name="Latest">
        <Variable Name="IdentifyingNumber" Value="{205E1A6C-333E-404E-A6EF-F498F97937C2}" />
        <Variable Name="Update" Value="Technical Preview 2  " />
        <Variable Name="InstallRegVersion" Value="12" />
      </Update>
    </Role>
    <Role Name="Agent">
      <Update Name="Latest">
        <Variable Name="IdentifyingNumber" Value="{EB03FA06-01A7-49F7-8BD0-0AB92D905899}" />
        <Variable Name="Update" Value="Technical Preview 2  " />
      </Update>
    </Role>
    <Role Name="ReportingServer">
      <Update Name="Latest">
        <Variable Name="IdentifyingNumber" Value="{A40F9635-B9A1-471C-84F2-A1ADE4A13317}" />
        <Variable Name="Update" Value="Technical Preview 2  " />
        <Variable Name="InstallRegVersion" Value="12" />
        <Variable Name="RegVersion" Value="3.0" />
      </Update>
    </Role>
    <Role Name="WebConsoleServer">
      <Update Name="Latest">
        <Variable Name="IdentifyingNumber" Value="{DD4BA10B-910C-4549-AC5C-DEA78F4555C0}" />
        <Variable Name="Update" Value="Technical Preview 2  " />
        <Variable Name="InstallRegVersion" Value="12" />
      </Update>
    </Role>
  </Component>
  <Component Name="SCSPF" Version="7.2.1902.0">
    <Role Name="Server">
      <Update Name="RTM">
        <Variable Name="IdentifyingNumber" Value="{69344E86-7183-4384-A230-499E9914BE14}" />
      </Update>
      <Update Name="UR5">
        <Variable Name="IdentifyingNumber" Value="{69344E86-7183-4384-A230-499E9914BE14}" />
        <Variable Name="PatchID" Value="{96659A28-25CB-47DA-BB74-9AF19FB14F00}" />
        <Variable Name="UpdateFile" Value="kb2992021_Microsoft.SystemCenter.Foundation.Setup_x64.msp" />
        <Variable Name="Update" Value="Update Rollup 5" />
      </Update>
      <Update Name="UR6">
        <Variable Name="IdentifyingNumber" Value="{69344E86-7183-4384-A230-499E9914BE14}" />
        <Variable Name="PatchID" Value="{AC179FD2-EEFF-4E4F-A577-9AAA957639D2}" />
        <Variable Name="UpdateFile" Value="kb3050307_Microsoft.SystemCenter.Foundation.Setup_x64.msp" />
        <Variable Name="Update" Value="Update Rollup 6" />
      </Update>
      <Update Name="Latest">
        <Variable Name="IdentifyingNumber" Value="{69344E86-7183-4384-A230-499E9914BE14}" />
        <Variable Name="PatchID" Value="{D90CFD1B-0B9E-449A-B72F-CFE70012F66D}" />
        <Variable Name="UpdateFile" Value="kb3069355_Microsoft.SystemCenter.Foundation.Setup_x64.msp" />
        <Variable Name="Update" Value="Update Rollup 7" />
      </Update>
    </Role>
  </Component>
  <Component Name="SCSPF" Version="7.2.5017.0">
    <Role Name="Server">
      <Update Name="Latest">
        <Variable Name="IdentifyingNumber" Value="{69344E86-7183-4384-A230-499E9914BE14}" />
        <Variable Name="Update" Value="Technical Preview 1" />
      </Update>
    </Role>
  </Component>
  <Component Name="SCSPF" Version="7.2.4040.0">
    <Role Name="Server">
      <Update Name="Latest">
        <Variable Name="IdentifyingNumber" Value="{69344E86-7183-4384-A230-499E9914BE14}" />
        <Variable Name="Update" Value="Technical Preview 2" />
      </Update>
    </Role>
  </Component>
  <Component Name="SCSR" Version="7.2.462.0">
    <Role Name="Server">
      <Update Name="RTM">
        <Variable Name="IdentifyingNumber" Value="{643E2225-E1BB-4586-9CBE-8BC2DED6D12E}" />
      </Update>
      <Update Name="UR5">
        <Variable Name="IdentifyingNumber" Value="{643E2225-E1BB-4586-9CBE-8BC2DED6D12E}" />
        <Variable Name="PatchID" Value="{1C2F9B0C-83D4-4820-8AD9-AEBCE05D6D13}" />
        <Variable Name="UpdateFile" Value="kb2992025_Microsoft.SystemCenter.SMR.Setup_x64.msp" />
        <Variable Name="Update" Value="Update Rollup 5" />
      </Update>
      <Update Name="Latest">
        <Variable Name="IdentifyingNumber" Value="{643E2225-E1BB-4586-9CBE-8BC2DED6D12E}" />
        <Variable Name="PatchID" Value="{36AB4FA6-1171-4BBC-937D-D571D98AE56C}" />
        <Variable Name="UpdateFile" Value="kb3050321_Microsoft.SystemCenter.SMR.Setup_x64.msp" />
        <Variable Name="Update" Value="Update Rollup 6" />
      </Update>
    </Role>
  </Component>
  <Component Name="SCSR" Version="7.2.3002.0">
    <Role Name="Server">
      <Update Name="Latest">
        <Variable Name="IdentifyingNumber" Value="{643E2225-E1BB-4586-9CBE-8BC2DED6D12E}" />
        <Variable Name="Update" Value="Technical Preview 1" />
      </Update>
    </Role>
  </Component>
  <Component Name="SCSR" Version="7.2.1172.0">
    <Role Name="Server">
      <Update Name="Latest">
        <Variable Name="IdentifyingNumber" Value="{643E2225-E1BB-4586-9CBE-8BC2DED6D12E}" />
        <Variable Name="Update" Value="Technical Preview 2" />
      </Update>
    </Role>
  </Component>
  <Component Name="SCSMA" Version="7.2.1563.0">
    <Role Name="PowerShell">
      <Update Name="Latest">
        <Variable Name="IdentifyingNumber" Value="{EF2760C1-FED5-45FD-B067-D9419F7DEBEF}" />
        <Variable Name="PatchID" Value="{A0DB5CA0-466D-44F9-B40A-714226950FBF}" />
        <Variable Name="UpdateFile" Value="kb2931268_PowerShellModuleInstaller_x64.msp" />
        <Variable Name="Update" Value="Update Rollup 3" />
      </Update>
    </Role>
    <Role Name="WebServiceServer">
      <Update Name="UR3">
        <Variable Name="IdentifyingNumber" Value="{4B76B636-AE9A-47D5-A246-E02909D97CF2}" />
        <Variable Name="PatchID" Value="{F1467BD4-986F-44E2-BC13-08C6A75078EB}" />
        <Variable Name="UpdateFile" Value="kb2931268_WebServiceInstaller_x64.msp" />
        <Variable Name="Update" Value="Update Rollup 3" />
      </Update>
      <Update Name="Latest">
        <Variable Name="IdentifyingNumber" Value="{4B76B636-AE9A-47D5-A246-E02909D97CF2}" />
        <Variable Name="PatchID" Value="{6C322959-495E-467E-B3B2-51227A332687}" />
        <Variable Name="UpdateFile" Value="kb3069115_WebServiceInstaller_x64.msp" />
        <Variable Name="Update" Value="Update Rollup 7" />
      </Update>
    </Role>
    <Role Name="RunbookWorkerServer">
      <Update Name="UR3">
        <Variable Name="IdentifyingNumber" Value="{B2FA6B22-1DDF-4BD4-8B92-ADF17D48262F}" />
        <Variable Name="PatchID" Value="{FA64BE8B-459B-400F-8867-A6EC924F76E2}" />
        <Variable Name="UpdateFile" Value="kb2931268_WorkerInstaller_x64.msp" />
        <Variable Name="Update" Value="Update Rollup 3" />
      </Update>
      <Update Name="Latest">
        <Variable Name="IdentifyingNumber" Value="{B2FA6B22-1DDF-4BD4-8B92-ADF17D48262F}" />
        <Variable Name="PatchID" Value="{9B55D4E6-15CC-4063-80CA-D1351AFC3B72}" />
        <Variable Name="UpdateFile" Value="kb3069115_WorkerInstaller_x64.msp" />
        <Variable Name="Update" Value="Update Rollup 7" />
      </Update>
    </Role>
  </Component>
  <Component Name="SCSMA" Version="7.2.5002.0">
    <Role Name="PowerShell">
      <Update Name="Latest">
        <Variable Name="IdentifyingNumber" Value="{EF2760C1-FED5-45FD-B067-D9419F7DEBEF}" />
        <Variable Name="Update" Value="Technical Preview 1" />
      </Update>
    </Role>
    <Role Name="WebServiceServer">
      <Update Name="Latest">
        <Variable Name="IdentifyingNumber" Value="{4B76B636-AE9A-47D5-A246-E02909D97CF2}" />
        <Variable Name="Update" Value="Technical Preview 1" />
      </Update>
    </Role>
    <Role Name="RunbookWorker">
      <Update Name="Latest">
        <Variable Name="IdentifyingNumber" Value="{B2FA6B22-1DDF-4BD4-8B92-ADF17D48262F}" />
        <Variable Name="Update" Value="Technical Preview 1" />
      </Update>
    </Role>
  </Component>
  <Component Name="SCSMA" Version="7.2.2667.0">
    <Role Name="PowerShell">
      <Update Name="Latest">
        <Variable Name="IdentifyingNumber" Value="{EF2760C1-FED5-45FD-B067-D9419F7DEBEF}" />
        <Variable Name="Update" Value="Technical Preview 2" />
      </Update>
    </Role>
    <Role Name="WebServiceServer">
      <Update Name="Latest">
        <Variable Name="IdentifyingNumber" Value="{4B76B636-AE9A-47D5-A246-E02909D97CF2}" />
        <Variable Name="Update" Value="Technical Preview 2" />
      </Update>
    </Role>
    <Role Name="RunbookWorker">
      <Update Name="Latest">
        <Variable Name="IdentifyingNumber" Value="{B2FA6B22-1DDF-4BD4-8B92-ADF17D48262F}" />
        <Variable Name="Update" Value="Technical Preview 2" />
      </Update>
    </Role>
  </Component>
  <Component Name="SCDPM" Version="{99EFD904-A89C-4116-91C9-80FD7FD40DA7}">
    <Role Name="Server">
      <Update Name="UR6">
        <Variable Name="IdentifyingNumber" Value="{99EFD904-A89C-4116-91C9-80FD7FD40DA7}" />
        <Variable Name="PatchID" Value="{2DE25E9F-B7E8-4A04-AB76-BC4ADF1CA43C}" />
        <Variable Name="UpdateFile" Value="dataprotectionmanager2012r2-kb3030574.msp" />
        <Variable Name="Update" Value="Update Rollup 6" />
      </Update>
      <Update Name="Latest">
        <Variable Name="IdentifyingNumber" Value="{99EFD904-A89C-4116-91C9-80FD7FD40DA7}" />
        <Variable Name="PatchID" Value="{E1B004CA-8B80-4550-AEEF-7330C02C8159}" />
        <Variable Name="UpdateFile" Value="DataProtectionManager2012R2-KB3065246.exe" />
        <Variable Name="Update" Value="Update Rollup 7" />
      </Update>
    </Role>
  </Component>
  <Component Name="SCDPM" Version="{574CB555-A5C9-4E08-A2CD-FC530C17AD3F}">
    <Role Name="ConsoleServer">
      <Update Name="UR6">
        <Variable Name="IdentifyingNumber" Value="{574CB555-A5C9-4E08-A2CD-FC530C17AD3F}" />
        <Variable Name="PatchID" Value="{DFCC1B7F-A986-416F-9480-043F9701D624}" />
        <Variable Name="UpdateFile" Value="DPMCENTRALCONSOLESERVER-KB3030574.msp" />
        <Variable Name="Update" Value="Update Rollup 6" />
      </Update>
      <Update Name="Latest">
        <Variable Name="IdentifyingNumber" Value="{574CB555-A5C9-4E08-A2CD-FC530C17AD3F}" />
        <Variable Name="PatchID" Value="{77B62784-0D10-49B4-ABC0-4D000AD10EE4}" />
        <Variable Name="UpdateFile" Value="DPMCENTRALCONSOLESERVER-KB3065246.msp" />
        <Variable Name="Update" Value="Update Rollup 7" />
      </Update>
    </Role>
  </Component>
  <Component Name="SCDPM" Version="{DFF93860-2113-4207-A7AC-3901ABCE8002}">
    <Role Name="Console">
      <Update Name="UR6">
        <Variable Name="IdentifyingNumber" Value="{DFF93860-2113-4207-A7AC-3901ABCE8002}" />
        <Variable Name="PatchID" Value="{42E50CB5-E510-45BB-BC3C-B03AED83F58C}" />
        <Variable Name="UpdateFile" Value="DPMMANAGEMENTSHELL-KB3030574.msp" />
        <Variable Name="Update" Value="Update Rollup 6" />
      </Update>
      <Update Name="Latest">
        <Variable Name="IdentifyingNumber" Value="{DFF93860-2113-4207-A7AC-3901ABCE8002}" />
        <Variable Name="PatchID" Value="{43459BEA-AC2C-4A0C-9CC0-9094D75FF9D1}" />
        <Variable Name="UpdateFile" Value="DPMMANAGEMENTSHELL-KB3065246.msp" />
        <Variable Name="Update" Value="Update Rollup 7" />
      </Update>
    </Role>
  </Component>
  <Component Name="SCDPM" Version="{6FA0CE18-E1AB-4CA2-B552-03D16516E174}">
    <Role Name="Agent">
      <Update Name="UR6">
        <Variable Name="IdentifyingNumber" Value="{6FA0CE18-E1AB-4CA2-B552-03D16516E174}" />
        <Variable Name="PatchID" Value="{2DE25E9F-B7E8-4A04-AB76-BC4ADF1CA43C}" />
        <Variable Name="UpdateFile" Value="DPMProtectionAgent_KB3030574.msp" />
        <Variable Name="Update" Value="Update Rollup 6" />
      </Update>
      <Update Name="Latest">
        <Variable Name="IdentifyingNumber" Value="{6FA0CE18-E1AB-4CA2-B552-03D16516E174}" />
        <Variable Name="PatchID" Value="{E1B004CA-8B80-4550-AEEF-7330C02C8159}" />
        <Variable Name="UpdateFile" Value="DPMProtectionAgent_KB3065246.msp" />
        <Variable Name="Update" Value="Update Rollup 7" />
      </Update>
    </Role>
  </Component>
  <Component Name="SCDPM" Version="4.2.1205.0">
    <Role Name="DatabaseServer">
      <Update Name="Latest">
        <Variable Name="IdentifyingNumber" Value="{1CAEC48E-A90B-4AA2-BB81-ACAA3795430D}" />
      </Update>
    </Role>
    <Role Name="Server">
      <Update Name="RTM">
        <Variable Name="IdentifyingNumber" Value="{99EFD904-A89C-4116-91C9-80FD7FD40DA7}" />
      </Update>
      <Update Name="UR5">
        <Variable Name="IdentifyingNumber" Value="{99EFD904-A89C-4116-91C9-80FD7FD40DA7}" />
        <Variable Name="PatchID" Value="{DA189287-E8F9-4DE2-8F6A-E99DF82C47CA}" />
        <Variable Name="UpdateFile" Value="dataprotectionmanager2012r2-kb3021791.msp" />
        <Variable Name="Update" Value="Update Rollup 5" />
      </Update>
      <Update Name="UR6">
        <Variable Name="IdentifyingNumber" Value="{99EFD904-A89C-4116-91C9-80FD7FD40DA7}" />
        <Variable Name="PatchID" Value="{2DE25E9F-B7E8-4A04-AB76-BC4ADF1CA43C}" />
        <Variable Name="UpdateFile" Value="dataprotectionmanager2012r2-kb3030574.msp" />
        <Variable Name="Update" Value="Update Rollup 6" />
      </Update>
      <Update Name="Latest">
        <Variable Name="IdentifyingNumber" Value="{99EFD904-A89C-4116-91C9-80FD7FD40DA7}" />
        <Variable Name="PatchID" Value="{E1B004CA-8B80-4550-AEEF-7330C02C8159}" />
        <Variable Name="UpdateFile" Value="DataProtectionManager2012R2-KB3065246.exe" />
        <Variable Name="Update" Value="Update Rollup 7" />
      </Update>
    </Role>
    <Role Name="ConsoleServer">
      <Update Name="RTM">
        <Variable Name="IdentifyingNumber" Value="{574CB555-A5C9-4E08-A2CD-FC530C17AD3F}" />
      </Update>
      <Update Name="UR5">
        <Variable Name="IdentifyingNumber" Value="{574CB555-A5C9-4E08-A2CD-FC530C17AD3F}" />
        <Variable Name="PatchID" Value="{4B5CCC7B-67AB-44A2-8A1A-E742E4C1CF47}" />
        <Variable Name="UpdateFile" Value="DPMCENTRALCONSOLESERVER-KB3021791.msp" />
        <Variable Name="Update" Value="Update Rollup 5" />
      </Update>
      <Update Name="UR6">
        <Variable Name="IdentifyingNumber" Value="{574CB555-A5C9-4E08-A2CD-FC530C17AD3F}" />
        <Variable Name="PatchID" Value="{DFCC1B7F-A986-416F-9480-043F9701D624}" />
        <Variable Name="UpdateFile" Value="DPMCENTRALCONSOLESERVER-KB3030574.msp" />
        <Variable Name="Update" Value="Update Rollup 6" />
      </Update>
      <Update Name="Latest">
        <Variable Name="IdentifyingNumber" Value="{574CB555-A5C9-4E08-A2CD-FC530C17AD3F}" />
        <Variable Name="PatchID" Value="{77B62784-0D10-49B4-ABC0-4D000AD10EE4}" />
        <Variable Name="UpdateFile" Value="DPMCENTRALCONSOLESERVER-KB3065246.msp" />
        <Variable Name="Update" Value="Update Rollup 7" />
      </Update>
    </Role>
    <Role Name="Console">
      <Update Name="RTM">
        <Variable Name="IdentifyingNumber" Value="{DFF93860-2113-4207-A7AC-3901ABCE8002}" />
      </Update>
      <Update Name="UR5">
        <Variable Name="IdentifyingNumber" Value="{DFF93860-2113-4207-A7AC-3901ABCE8002}" />
        <Variable Name="PatchID" Value="{850083A2-0107-4435-B5DA-841AE12B2CC3}" />
        <Variable Name="UpdateFile" Value="DPMMANAGEMENTSHELL-KB3021791.msp" />
        <Variable Name="Update" Value="Update Rollup 5" />
      </Update>
      <Update Name="UR6">
        <Variable Name="IdentifyingNumber" Value="{DFF93860-2113-4207-A7AC-3901ABCE8002}" />
        <Variable Name="PatchID" Value="{42E50CB5-E510-45BB-BC3C-B03AED83F58C}" />
        <Variable Name="UpdateFile" Value="DPMMANAGEMENTSHELL-KB3030574.msp" />
        <Variable Name="Update" Value="Update Rollup 6" />
      </Update>
      <Update Name="Latest">
        <Variable Name="IdentifyingNumber" Value="{DFF93860-2113-4207-A7AC-3901ABCE8002}" />
        <Variable Name="PatchID" Value="{43459BEA-AC2C-4A0C-9CC0-9094D75FF9D1}" />
        <Variable Name="UpdateFile" Value="DPMMANAGEMENTSHELL-KB3065246.msp" />
        <Variable Name="Update" Value="Update Rollup 7" />
      </Update>
    </Role>
    <Role Name="Agent">
      <Update Name="RTM">
        <Variable Name="IdentifyingNumber" Value="{6FA0CE18-E1AB-4CA2-B552-03D16516E174}" />
      </Update>
      <Update Name="UR5">
        <Variable Name="IdentifyingNumber" Value="{6FA0CE18-E1AB-4CA2-B552-03D16516E174}" />
        <Variable Name="PatchID" Value="{DA189287-E8F9-4DE2-8F6A-E99DF82C47CA}" />
        <Variable Name="UpdateFile" Value="DPMProtectionAgent_KB3021791.msp" />
        <Variable Name="Update" Value="Update Rollup 5" />
      </Update>
      <Update Name="UR6">
        <Variable Name="IdentifyingNumber" Value="{6FA0CE18-E1AB-4CA2-B552-03D16516E174}" />
        <Variable Name="PatchID" Value="{2DE25E9F-B7E8-4A04-AB76-BC4ADF1CA43C}" />
        <Variable Name="UpdateFile" Value="DPMProtectionAgent_KB3030574.msp" />
        <Variable Name="Update" Value="Update Rollup 6" />
      </Update>
      <Update Name="Latest">
        <Variable Name="IdentifyingNumber" Value="{6FA0CE18-E1AB-4CA2-B552-03D16516E174}" />
        <Variable Name="PatchID" Value="{E1B004CA-8B80-4550-AEEF-7330C02C8159}" />
        <Variable Name="UpdateFile" Value="DPMProtectionAgent_KB3065246.msp" />
        <Variable Name="Update" Value="Update Rollup 7" />
      </Update>
    </Role>
  </Component>
  <Component Name="SCDPM" Version="4.3.1012.0">
    <Role Name="DatabaseServer">
      <Update Name="Latest">
        <Variable Name="IdentifyingNumber" Value="{47FC5EEB-8197-4D77-8131-3FBA29508825}" />
        <Variable Name="Update" Value="Technical Preview 1" />
      </Update>
    </Role>
    <Role Name="Server">
      <Update Name="Latest">
        <Variable Name="IdentifyingNumber" Value="{F8CD20E6-186D-4F7D-AAAB-5A3190DA8356}" />
        <Variable Name="Update" Value="Technical Preview 1" />
      </Update>
    </Role>
    <Role Name="ConsoleServer">
      <Update Name="Latest">
        <Variable Name="IdentifyingNumber" Value="{71C675A5-3F9C-4B26-B5E6-108D5C3A47D1}" />
        <Variable Name="Update" Value="Technical Preview 1" />
      </Update>
    </Role>
    <Role Name="Console">
      <Update Name="Latest">
        <Variable Name="IdentifyingNumber" Value="{846183DF-CF1D-4310-BA7A-EF5EFE46616A}" />
        <Variable Name="Update" Value="Technical Preview 1" />
      </Update>
    </Role>
    <Role Name="Agent">
      <Update Name="Latest">
        <Variable Name="IdentifyingNumber" Value="{F2F9E031-7E13-497A-96E6-B9445C58B387}" />
        <Variable Name="Update" Value="Technical Preview 1" />
      </Update>
    </Role>
  </Component>
  <Component Name="SCDPM" Version="4.3.1027.0">
    <Role Name="DatabaseServer">
      <Update Name="Latest">
        <Variable Name="IdentifyingNumber" Value="{47FC5EEB-8197-4D77-8131-3FBA29508825}" />
        <Variable Name="Update" Value="Technical Preview 2" />
      </Update>
    </Role>
    <Role Name="Server">
      <Update Name="Latest">
        <Variable Name="IdentifyingNumber" Value="{F8CD20E6-186D-4F7D-AAAB-5A3190DA8356}" />
        <Variable Name="Update" Value="Technical Preview 2" />
      </Update>
    </Role>
    <Role Name="ConsoleServer">
      <Update Name="Latest">
        <Variable Name="IdentifyingNumber" Value="{71C675A5-3F9C-4B26-B5E6-108D5C3A47D1}" />
        <Variable Name="Update" Value="Technical Preview 2" />
      </Update>
    </Role>
    <Role Name="Console">
      <Update Name="Latest">
        <Variable Name="IdentifyingNumber" Value="{846183DF-CF1D-4310-BA7A-EF5EFE46616A}" />
        <Variable Name="Update" Value="Technical Preview 2" />
      </Update>
    </Role>
    <Role Name="Agent">
      <Update Name="Latest">
        <Variable Name="IdentifyingNumber" Value="{F2F9E031-7E13-497A-96E6-B9445C58B387}" />
        <Variable Name="Update" Value="Technical Preview 2" />
      </Update>
    </Role>
  </Component>
  <Component Name="AzurePack" Version="Default">
    <Role Name="MgmtSvc-PowerShellAPI">
      <Update Name="RTM">
        <Variable Name="IdentifyingNumber" Value="{09AAA3CE-A0B6-4B5D-AE51-43DF1C3EB192}" />
      </Update>
      <Update Name="UR1">
        <Variable Name="IdentifyingNumber" Value="{C5C97081-9A6A-4FCA-BA98-F01DE7B6BAEE}" />
      </Update>
      <Update Name="UR2">
        <Variable Name="IdentifyingNumber" Value="{43A453AF-BE0A-4C4B-9C6C-57FFE693AFCC}" />
      </Update>
      <Update Name="UR3">
        <Variable Name="IdentifyingNumber" Value="{48EF1B2C-1DA3-4887-8D3D-263C2047DE20}" />
      </Update>
      <Update Name="UR4">
        <Variable Name="IdentifyingNumber" Value="{16487D2C-F851-450D-AB52-1163D8057D9A}" />
      </Update>
      <Update Name="UR5">
        <Variable Name="IdentifyingNumber" Value="{229DDAE5-D997-471D-A150-C7B6EA9E6FBF}" />
      </Update>
      <Update Name="UR6">
        <Variable Name="IdentifyingNumber" Value="{9AF631FF-CE1F-481F-9B05-D88D5BDE6CF3}" />
      </Update>
      <Update Name="Latest">
        <Variable Name="IdentifyingNumber" Value="{AD89FCD8-868C-4FDA-910F-9F888BF687FD}" />
      </Update>
    </Role>
    <Role Name="MgmtSvc-WebAppGallery">
      <Update Name="RTM">
        <Variable Name="IdentifyingNumber" Value="{AC29E1CB-2F30-475E-ADD8-B039DDA7DFE4}" />
      </Update>
      <Update Name="UR1">
        <Variable Name="IdentifyingNumber" Value="{F78A7C67-DAD0-4219-9563-DA69021F3425}" />
      </Update>
      <Update Name="UR2">
        <Variable Name="IdentifyingNumber" Value="{D001C96D-B5D8-47F1-A57D-0993949E086D}" />
      </Update>
      <Update Name="UR3">
        <Variable Name="IdentifyingNumber" Value="{A72F27D3-C1DD-4BF3-B837-45B2457E9206}" />
      </Update>
      <Update Name="UR4">
        <Variable Name="IdentifyingNumber" Value="{E33E0D2B-D289-4300-B431-CA51052E1507}" />
      </Update>
      <Update Name="UR5">
        <Variable Name="IdentifyingNumber" Value="{EE622F81-BF32-48C0-99CC-736941F94037}" />
      </Update>
      <Update Name="UR6">
        <Variable Name="IdentifyingNumber" Value="{C4E6A478-2DCD-47C2-BE94-CD29FBD3C7E8}" />
      </Update>
      <Update Name="Latest">
        <Variable Name="IdentifyingNumber" Value="{7B69C3FB-1789-4F6F-9737-61785B3A190C}" />
      </Update>
    </Role>
    <Role Name="MgmtSvc-Monitoring">
      <Update Name="RTM">
        <Variable Name="IdentifyingNumber" Value="{0A45C3A5-2265-4C0F-968D-EA0AE95B6D3D}" />
      </Update>
      <Update Name="UR1">
        <Variable Name="IdentifyingNumber" Value="{7AFA9F9B-B776-409B-A073-43A5F2005782}" />
      </Update>
      <Update Name="UR2">
        <Variable Name="IdentifyingNumber" Value="{48EA248F-E9FA-48CF-9B11-65F73631BE80}" />
      </Update>
      <Update Name="UR3">
        <Variable Name="IdentifyingNumber" Value="{08F8076E-46A3-4A26-93EC-7EE48FD693FF}" />
      </Update>
      <Update Name="UR4">
        <Variable Name="IdentifyingNumber" Value="{EAB7C0A2-17C0-46DC-8DD5-3167FCCA3471}" />
      </Update>
      <Update Name="UR5">
        <Variable Name="IdentifyingNumber" Value="{C1899230-FFC7-4BA6-8783-FA02AC6E9590}" />
      </Update>
      <Update Name="UR6">
        <Variable Name="IdentifyingNumber" Value="{53C0310D-097D-46CA-A766-C3E87931ECF4}" />
      </Update>
      <Update Name="Latest">
        <Variable Name="IdentifyingNumber" Value="{7759F5CB-0DE5-4AE9-BF29-EF6F2D1D214A}" />
      </Update>
    </Role>
    <Role Name="MgmtSvc-Usage">
      <Update Name="RTM">
        <Variable Name="IdentifyingNumber" Value="{6939C616-4589-4115-B0F9-A43164936EC4}" />
      </Update>
      <Update Name="UR1">
        <Variable Name="IdentifyingNumber" Value="{E214B687-AF1B-40FE-B1CF-702395ED138D}" />
      </Update>
      <Update Name="UR2">
        <Variable Name="IdentifyingNumber" Value="{49DAC463-8658-4163-8ED6-4C1AE2A7AE99}" />
      </Update>
      <Update Name="UR3">
        <Variable Name="IdentifyingNumber" Value="{09B94677-ED88-4633-AD07-DF16115E3E13}" />
      </Update>
      <Update Name="UR4">
        <Variable Name="IdentifyingNumber" Value="{9DCEAFF9-7499-47D4-98E8-EF6877E7D5CF}" />
      </Update>
      <Update Name="UR5">
        <Variable Name="IdentifyingNumber" Value="{044FC336-7EC3-4415-8CD1-FDDAAFA5D0B2}" />
      </Update>
      <Update Name="UR6">
        <Variable Name="IdentifyingNumber" Value="{3F4E4AED-6955-4690-B7EF-FFBBDB7CB471}" />
      </Update>
      <Update Name="Latest">
        <Variable Name="IdentifyingNumber" Value="{CD94B684-BF21-45B7-BBB2-A05478AB05F7}" />
      </Update>
    </Role>
    <Role Name="MgmtSvc-AdminAPI">
      <Update Name="RTM">
        <Variable Name="IdentifyingNumber" Value="{D52908B7-6A78-4BC7-8451-490C7BF88395}" />
      </Update>
      <Update Name="UR1">
        <Variable Name="IdentifyingNumber" Value="{E82D6570-E501-4CF1-B1C7-ECB62AB90694}" />
      </Update>
      <Update Name="UR2">
        <Variable Name="IdentifyingNumber" Value="{5002046F-645B-4316-BC6A-86AB1DF1C3FB}" />
      </Update>
      <Update Name="UR3">
        <Variable Name="IdentifyingNumber" Value="{5C578A41-64DD-43DC-9772-8A2EDDCA8B3A}" />
      </Update>
      <Update Name="UR4">
        <Variable Name="IdentifyingNumber" Value="{7A18CA60-6275-463A-A28F-15B3DECE9167}" />
      </Update>
      <Update Name="UR5">
        <Variable Name="IdentifyingNumber" Value="{EC9394E0-B217-4B9F-80FA-085170432730}" />
      </Update>
      <Update Name="UR6">
        <Variable Name="IdentifyingNumber" Value="{1675BB48-4805-4FF0-B973-64D75292C410}" />
      </Update>
      <Update Name="Latest">
        <Variable Name="IdentifyingNumber" Value="{E00081AD-CE78-4F2A-9CD2-8833C15F490B}" />
      </Update>
    </Role>
    <Role Name="MgmtSvc-TenantAPI">
      <Update Name="RTM">
        <Variable Name="IdentifyingNumber" Value="{763C3BFE-6A60-4D5D-AF6C-F167A5CF47DF}" />
      </Update>
      <Update Name="UR1">
        <Variable Name="IdentifyingNumber" Value="{F1E998DF-0018-49E6-947F-AF7A00CE2404}" />
      </Update>
      <Update Name="UR2">
        <Variable Name="IdentifyingNumber" Value="{A3DD0B04-3A0D-4211-9CE4-ED71544D2ED6}" />
      </Update>
      <Update Name="UR3">
        <Variable Name="IdentifyingNumber" Value="{5F2419BD-ED3D-4645-AC00-9D85F428465F}" />
      </Update>
      <Update Name="UR4">
        <Variable Name="IdentifyingNumber" Value="{57AAAF80-FED1-4574-B8A5-D67C3347B7F3}" />
      </Update>
      <Update Name="UR5">
        <Variable Name="IdentifyingNumber" Value="{6FE23B1B-F603-4964-9B47-91181A630986}" />
      </Update>
      <Update Name="UR6">
        <Variable Name="IdentifyingNumber" Value="{A0F1EB25-B0A7-4774-8556-D42CC9C274C0}" />
      </Update>
      <Update Name="Latest">
        <Variable Name="IdentifyingNumber" Value="{66D13937-01D3-413B-89EA-9C38FC8EEDE6}" />
      </Update>
    </Role>
    <Role Name="MgmtSvc-TenantPublicAPI">
      <Update Name="RTM">
        <Variable Name="IdentifyingNumber" Value="{4D0102B7-74CD-4563-B475-45C7EC09E18C}" />
      </Update>
      <Update Name="UR1">
        <Variable Name="IdentifyingNumber" Value="{9BD35794-7F08-4979-A741-91E681A42DC9}" />
      </Update>
      <Update Name="UR2">
        <Variable Name="IdentifyingNumber" Value="{5D0CA554-B0B3-4C30-894A-D08D8543FE90}" />
      </Update>
      <Update Name="UR3">
        <Variable Name="IdentifyingNumber" Value="{0A29836B-8F77-4A99-8D50-925D7DA3E04B}" />
      </Update>
      <Update Name="UR4">
        <Variable Name="IdentifyingNumber" Value="{91EEF0F7-E4CA-4162-AF4F-D4D67CBFADAE}" />
      </Update>
      <Update Name="UR5">
        <Variable Name="IdentifyingNumber" Value="{D3039FD7-9F07-44F8-B2E2-7A4521EA9A67}" />
      </Update>
      <Update Name="UR6">
        <Variable Name="IdentifyingNumber" Value="{6F996F63-3332-4356-9CCF-5E22653796BC}" />
      </Update>
      <Update Name="Latest">
        <Variable Name="IdentifyingNumber" Value="{E741DC5B-3DBF-4882-A029-6E089FA76B71}" />
      </Update>
    </Role>
    <Role Name="MgmtSvc-SQLServer">
      <Update Name="RTM">
        <Variable Name="IdentifyingNumber" Value="{F16B58A7-106E-4859-929C-519F45C2423F}" />
      </Update>
      <Update Name="UR1">
        <Variable Name="IdentifyingNumber" Value="{FF4E91C5-9B03-427A-89B0-2FB44567CA36}" />
      </Update>
      <Update Name="UR2">
        <Variable Name="IdentifyingNumber" Value="{84E267A7-461F-497B-B6D5-42A8DFADD3B4}" />
      </Update>
      <Update Name="UR3">
        <Variable Name="IdentifyingNumber" Value="{298A4DBF-9D1D-4DEF-95C6-34DD48EAD26F}" />
      </Update>
      <Update Name="UR4">
        <Variable Name="IdentifyingNumber" Value="{71C55DAA-0C85-4186-A1E9-5064C5CC686D}" />
      </Update>
      <Update Name="UR5">
        <Variable Name="IdentifyingNumber" Value="{18B7D3C1-47B4-4BA9-9001-BEC2F9557040}" />
      </Update>
      <Update Name="UR6">
        <Variable Name="IdentifyingNumber" Value="{59360F27-E25F-467C-BA58-FC3D9ADA9C1B}" />
      </Update>
      <Update Name="Latest">
        <Variable Name="IdentifyingNumber" Value="{6D0C8DE3-B386-4D13-B5C7-4B513CF272AF}" />
      </Update>
    </Role>
    <Role Name="MgmtSvc-MySQL">
      <Update Name="RTM">
        <Variable Name="IdentifyingNumber" Value="{A559BC28-C942-4A1F-AEE3-8D6143EBF635}" />
      </Update>
      <Update Name="UR1">
        <Variable Name="IdentifyingNumber" Value="{AF2FFFAE-987A-4026-9500-768FA17F16CA}" />
      </Update>
      <Update Name="UR2">
        <Variable Name="IdentifyingNumber" Value="{90F5754A-2836-46FA-9B36-7014337B26A1}" />
      </Update>
      <Update Name="UR3">
        <Variable Name="IdentifyingNumber" Value="{1206E655-0171-4835-9A6B-91B4C2E385B8}" />
      </Update>
      <Update Name="UR4">
        <Variable Name="IdentifyingNumber" Value="{ED962FFD-1998-4F03-9165-B0B0E27AF0C5}" />
      </Update>
      <Update Name="UR5">
        <Variable Name="IdentifyingNumber" Value="{908EBD91-D06D-4EDF-91E4-2D31E320E20E}" />
      </Update>
      <Update Name="UR6">
        <Variable Name="IdentifyingNumber" Value="{5593C408-CEC3-4E60-88DF-672DC14311AB}" />
      </Update>
      <Update Name="Latest">
        <Variable Name="IdentifyingNumber" Value="{7D37EA03-C7CE-406A-8B15-5D722F7F0F7D}" />
      </Update>
    </Role>
    <Role Name="MgmtSvc-AdminSite">
      <Update Name="RTM">
        <Variable Name="IdentifyingNumber" Value="{2F31F894-4AC3-4A7F-9F18-D50A9B327123}" />
      </Update>
      <Update Name="UR1">
        <Variable Name="IdentifyingNumber" Value="{D96559C2-0C06-42D1-9D5A-27437F814191}" />
      </Update>
      <Update Name="UR2">
        <Variable Name="IdentifyingNumber" Value="{B349A781-813C-44E7-8A10-9055F375B3D5}" />
      </Update>
      <Update Name="UR3">
        <Variable Name="IdentifyingNumber" Value="{7424D4D1-A1E0-4147-88A1-739E0B51C01A}" />
      </Update>
      <Update Name="UR4">
        <Variable Name="IdentifyingNumber" Value="{265EE8DB-FE0B-4532-AAD3-6787D6B4D91B}" />
      </Update>
      <Update Name="UR5">
        <Variable Name="IdentifyingNumber" Value="{88340892-A5C8-46BD-B896-5DA11B2609AF}" />
      </Update>
      <Update Name="UR6">
        <Variable Name="IdentifyingNumber" Value="{78E55590-A6C7-4D4A-A7FA-640242F19EF3}" />
      </Update>
      <Update Name="Latest">
        <Variable Name="IdentifyingNumber" Value="{7C76D912-7CC3-4644-BC36-E2715D14C7FC}" />
      </Update>
    </Role>
    <Role Name="MgmtSvc-WindowsAuthSite">
      <Update Name="RTM">
        <Variable Name="IdentifyingNumber" Value="{85EF5065-777C-410C-857A-041B386D476C}" />
      </Update>
      <Update Name="UR1">
        <Variable Name="IdentifyingNumber" Value="{40A83017-F95A-49A5-AE0D-C106298E5898}" />
      </Update>
      <Update Name="UR2">
        <Variable Name="IdentifyingNumber" Value="{F47FFCA3-AE68-48FB-9A9E-AC4469D675E2}" />
      </Update>
      <Update Name="UR3">
        <Variable Name="IdentifyingNumber" Value="{FEC02487-C505-4227-A9D4-8B160BB156FE}" />
      </Update>
      <Update Name="UR4">
        <Variable Name="IdentifyingNumber" Value="{9381CC0F-A0B5-4DDE-8141-6E725B95919C}" />
      </Update>
      <Update Name="UR5">
        <Variable Name="IdentifyingNumber" Value="{83A58DA3-92FC-4E3C-BF1B-27891EE17570}" />
      </Update>
      <Update Name="UR6">
        <Variable Name="IdentifyingNumber" Value="{7BD73C40-4276-4C9D-9C00-B2B591FF87A8}" />
      </Update>
      <Update Name="Latest">
        <Variable Name="IdentifyingNumber" Value="{9B74B70D-9D6F-4531-AC74-0A10329B0E45}" />
      </Update>
    </Role>
    <Role Name="MgmtSvc-TenantSite">
      <Update Name="RTM">
        <Variable Name="IdentifyingNumber" Value="{CAF63E4C-6859-4EF1-B531-1FFED6DEB9B5}" />
      </Update>
      <Update Name="UR1">
        <Variable Name="IdentifyingNumber" Value="{8FC72370-FBF0-40BB-9398-E45FB9263C51}" />
      </Update>
      <Update Name="UR2">
        <Variable Name="IdentifyingNumber" Value="{57382D8D-7C0D-4D8B-85DB-261363B70C3E}" />
      </Update>
      <Update Name="UR3">
        <Variable Name="IdentifyingNumber" Value="{A72F27D3-C1DD-4BF3-B837-45B2457E9206}" />
      </Update>
      <Update Name="UR4">
        <Variable Name="IdentifyingNumber" Value="{348B0395-AD2A-45A6-BFFA-BB502F59ABC0}" />
      </Update>
      <Update Name="UR5">
        <Variable Name="IdentifyingNumber" Value="{90270F12-CF2D-452B-9C35-CF3C16C30375}" />
      </Update>
      <Update Name="UR6">
        <Variable Name="IdentifyingNumber" Value="{7756023B-9368-46CC-AB7D-304655031F75}" />
      </Update>
      <Update Name="Latest">
        <Variable Name="IdentifyingNumber" Value="{E71A1932-C6DC-4522-B93A-131A3C7AB347}" />
      </Update>
    </Role>
    <Role Name="MgmtSvc-AuthSite">
      <Update Name="RTM">
        <Variable Name="IdentifyingNumber" Value="{D3AE936A-C357-4B66-870F-415FF6248424}" />
      </Update>
      <Update Name="UR1">
        <Variable Name="IdentifyingNumber" Value="{20141108-1261-4285-9818-9FA493FFD0D3}" />
      </Update>
      <Update Name="UR2">
        <Variable Name="IdentifyingNumber" Value="{A3B5F452-94AC-4138-BE55-5F78F91AFC0B}" />
      </Update>
      <Update Name="UR3">
        <Variable Name="IdentifyingNumber" Value="{9FA55C04-8F44-4047-9482-C359ACA91D19}" />
      </Update>
      <Update Name="UR4">
        <Variable Name="IdentifyingNumber" Value="{6D4ABA37-50DB-4FA5-B833-D152370A4121}" />
      </Update>
      <Update Name="UR5">
        <Variable Name="IdentifyingNumber" Value="{0EE592E2-CC38-437B-8989-F76B29B0F975}" />
      </Update>
      <Update Name="UR6">
        <Variable Name="IdentifyingNumber" Value="{5A064009-39C2-4694-A92F-FFF1473CC978}" />
      </Update>
      <Update Name="Latest">
        <Variable Name="IdentifyingNumber" Value="{C45CE895-84AD-4B9C-AEE3-F3112381FB17}" />
      </Update>
    </Role>
    <Role Name="MgmtSvc-ConfigSite">
      <Update Name="RTM">
        <Variable Name="IdentifyingNumber" Value="{32C316B4-3E22-4E4F-BF4C-BF76D38459D4}" />
      </Update>
      <Update Name="UR1">
        <Variable Name="IdentifyingNumber" Value="{4950C7DA-C2FC-4FC5-8E47-76B742E8E630}" />
      </Update>
      <Update Name="UR2">
        <Variable Name="IdentifyingNumber" Value="{E78CDA83-404D-4C32-A09D-B58F2C1C7BF2}" />
      </Update>
      <Update Name="UR3">
        <Variable Name="IdentifyingNumber" Value="{91D917FC-E486-4040-8764-A2AF83776142}" />
      </Update>
      <Update Name="UR4">
        <Variable Name="IdentifyingNumber" Value="{72BA84F9-BAA5-4451-AFA5-89841CFDA170}" />
      </Update>
      <Update Name="UR5">
        <Variable Name="IdentifyingNumber" Value="{04AF754F-FAA3-4D72-A05C-D9C3AB6D51D9}" />
      </Update>
      <Update Name="UR6">
        <Variable Name="IdentifyingNumber" Value="{282F6FAA-E6F1-4910-8A64-F20453944ACA}" />
      </Update>
      <Update Name="Latest">
        <Variable Name="IdentifyingNumber" Value="{FA421F0C-4E2C-4721-B190-0AED841503D3}" />
      </Update>
    </Role>
  </Component>
  <Component Name="SCEP" Version="4.6.0305.0">
    <Role Name="Agent">
      <Update Name="Latest">
        <Variable Name="IdentifyingNumber" Value="{A370C527-EF4A-4172-B1F6-310C121BAB02}" />
      </Update>
    </Role>
  </Component>
</xPDT>
